logical_resource,facet,operation,crud,method,path,api_version,preview,introduced,namespace,group,doc
Advisor Recommendation,Recommendations and actions,Get Action Schema,Read,GET,/analytics/advisorRecommendations/{scenario}/actionmetadata/{actionName},2024-10-01,False,,analytics,recommendations,docs/analytics/recommendations/get-action-schema.md
Advisor Recommendation,Recommendations and actions,Get Recommendation Resources,Read,GET,/analytics/advisorRecommendations/{scenario}/resources,2024-10-01,False,,analytics,recommendations,docs/analytics/recommendations/get-recommendation-resources.md
Advisor Recommendation,Recommendations and actions,Get Recommendation Scenarios,Read,GET,/analytics/advisorRecommendations/scenarios,2024-10-01,False,,analytics,recommendations,docs/analytics/recommendations/get-recommendation-scenarios.md
Advisor Recommendation,Recommendations and actions,Get Recommendations,Read,GET,/analytics/advisorRecommendations,2024-10-01,False,,analytics,recommendations,docs/analytics/recommendations/get-recommendations.md
Advisor Recommendation,Recommendations and actions,Get Scenario Actions,Read,GET,/analytics/advisorRecommendations/{scenario}/actions,2024-10-01,False,,analytics,recommendations,docs/analytics/recommendations/get-scenario-actions.md
Advisor Recommendation,Recommendations and actions,Execute Recommendation Action,Action,POST,/analytics/actions/{actionName},2024-10-01,False,,analytics,recommendations,docs/analytics/recommendations/execute-recommendation-action.md
Application Package,Tenant and environment app install,Get Application Package Install Status,Read,GET,/appmanagement/environments/{environmentId}/operations/{operationId},2024-10-01,False,,appmanagement,applications,docs/appmanagement/applications/get-application-package-install-status.md
Application Package,Tenant and environment app install,Get Environment Application Package,Read,GET,/appmanagement/environments/{environmentId}/applicationPackages,2024-10-01,False,,appmanagement,applications,docs/appmanagement/applications/get-environment-application-package.md
Application Package,Tenant and environment app install,Get Tenant Application Package,Read,GET,/appmanagement/applicationPackages,2024-10-01,False,,appmanagement,applications,docs/appmanagement/applications/get-tenant-application-package.md
Application Package,Tenant and environment app install,Install Application Package,Create,POST,/appmanagement/environments/{environmentId}/applicationPackages/{uniqueName}/install,2024-10-01,False,,appmanagement,applications,docs/appmanagement/applications/install-application-package.md
Async Operation,Job polling,Get Environment Operation By ID,Read,GET,/environmentmanagement/environments/{targetEnvironmentId}/operations/{operationId},2024-10-01,False,,environmentmanagement,operation,docs/environmentmanagement/operation/get-environment-operation-by-id.md
Async Operation,Job polling,Get Operation By ID,Read,GET,/environmentmanagement/operations/{operationId},2024-10-01,False,,environmentmanagement,operation,docs/environmentmanagement/operation/get-operation-by-id.md
Async Operation,Job polling,Get Operations For Environment,Read,GET,/environmentmanagement/environments/{environmentId}/operations,2024-10-01,False,,environmentmanagement,operation,docs/environmentmanagement/operation/get-operations-for-environment.md
Billing Policy,CRUD,Delete Billing Policy,Delete,DELETE,/licensing/billingPolicies/{billingPolicyId},2024-10-01,False,,licensing,billing-policy,docs/licensing/billing-policy/delete-billing-policy.md
Billing Policy,CRUD,Get Billing Policy,Read,GET,/licensing/billingPolicies/{billingPolicyId},2024-10-01,False,,licensing,billing-policy,docs/licensing/billing-policy/get-billing-policy.md
Billing Policy,CRUD,List Billing Policies,Read (list),GET,/licensing/billingPolicies,2024-10-01,False,,licensing,billing-policy,docs/licensing/billing-policy/list-billing-policies.md
Billing Policy,CRUD,Create Billing Policy,Create,POST,/licensing/billingPolicies,2024-10-01,False,,licensing,billing-policy,docs/licensing/billing-policy/create-billing-policy.md
Billing Policy,CRUD,Refresh Provisioning Status,Action,POST,/licensing/billingPolicies/{billingPolicyId}/refreshProvisioningStatus,2024-10-01,False,,licensing,billing-policy,docs/licensing/billing-policy/refresh-provisioning-status.md
Billing Policy,CRUD,Update Billing Policy,Update,PUT,/licensing/billingPolicies/{billingPolicyId},2024-10-01,False,,licensing,billing-policy,docs/licensing/billing-policy/update-billing-policy.md
Billing Policy to Environment link,Environment side,Get Environment Billing Policy,Read,GET,/licensing/environments/{environmentId}/billingPolicy,2024-10-01,False,,licensing,environment-billing-policy,docs/licensing/environment-billing-policy/get-environment-billing-policy.md
Billing Policy to Environment link,Policy side,Get Billing Policy Environment,Read,GET,/licensing/billingPolicies/{billingPolicyId}/environments/{environmentId},2024-10-01,False,,licensing,billing-policy-environment,docs/licensing/billing-policy-environment/get-billing-policy-environment.md
Billing Policy to Environment link,Policy side,List Billing Policy Environments,Read (list),GET,/licensing/billingPolicies/{billingPolicyId}/environments,2024-10-01,False,,licensing,billing-policy-environment,docs/licensing/billing-policy-environment/list-billing-policy-environments.md
Billing Policy to Environment link,Policy side,Add Billing Policy Environment,Create,POST,/licensing/billingPolicies/{billingPolicyId}/environments/add,2024-10-01,False,,licensing,billing-policy-environment,docs/licensing/billing-policy-environment/add-billing-policy-environment.md
Billing Policy to Environment link,Policy side,Remove Billing Policy Environment,Action,POST,/licensing/billingPolicies/{billingPolicyId}/environments/remove,2024-10-01,False,,licensing,billing-policy-environment,docs/licensing/billing-policy-environment/remove-billing-policy-environment.md
Canvas App,App admin,Get AdminApp,Read,GET,/powerapps/environments/{environmentId}/apps/{app},2024-10-01,False,,powerapps,apps,docs/powerapps/apps/get-admin-app.md
Canvas App,App admin,Get AdminApps,Read,GET,/powerapps/environments/{environmentId}/apps,2024-10-01,False,,powerapps,apps,docs/powerapps/apps/get-admin-apps.md
Capacity Allocation,Add-on allocation,Get Allocations Availability V2,Read (list),GET,/licensing/allocationsV2/availability,2024-10-01,False,,licensing,allocation,docs/licensing/allocation/get-allocations-availability-v2.md
Capacity Allocation,Add-on allocation,Get Many Entitlements Reserved V2,Read,GET,/licensing/allocationsV2/entitlements/reserved,2024-10-01,False,,licensing,allocation,docs/licensing/allocation/get-many-entitlements-reserved-v2.md
Capacity Allocation,Add-on allocation,Put Allocations V2,Update,PUT,/licensing/allocationsV2,2024-10-01,False,,licensing,allocation,docs/licensing/allocation/put-allocations-v2.md
Capacity Allocation,Environment view,Get Allocations By Environment,Read (list),GET,/licensing/allocationsByEnvironment/{environmentId},2024-10-01,False,,licensing,allocations-by-environment,docs/licensing/allocations-by-environment/get-allocations-by-environment.md
Capacity Allocation,Environment view,List Allocations By Environment,Read (list),GET,/licensing/allocationsByEnvironment,2024-10-01,False,,licensing,allocations-by-environment,docs/licensing/allocations-by-environment/list-allocations-by-environment.md
Capacity Allocation,Environment view,Update Allocations By Environment,Update,PATCH,/licensing/allocationsByEnvironment,2024-10-01,False,,licensing,allocations-by-environment,docs/licensing/allocations-by-environment/update-allocations-by-environment.md
Cloud Flow,Actions,List Flow Actions,Read (list),GET,/powerautomate/environments/{environmentId}/flowActions,2024-10-01,False,,powerautomate,flow-actions,docs/powerautomate/flow-actions/list-flow-actions.md
Cloud Flow,Flows,List Cloud Flows,Read (list),GET,/powerautomate/environments/{environmentId}/cloudFlows,2024-10-01,False,,powerautomate,cloud-flows,docs/powerautomate/cloud-flows/list-cloud-flows.md
Cloud Flow,Runs,List Flow Runs,Read (list),GET,/powerautomate/environments/{environmentId}/flowRuns,2024-10-01,False,,powerautomate,flow-runs,docs/powerautomate/flow-runs/list-flow-runs.md
Connection,Connections,List Connections,Read (list),GET,/connectivity/environments/{environmentId}/connections,2024-10-01,False,,connectivity,connections,docs/connectivity/connections/list-connections.md
Connector,Connector catalogue,Get Connector By Id,Read,GET,/connectivity/environments/{environmentId}/connectors/{connectorId},2024-10-01,False,,connectivity,connectors,docs/connectivity/connectors/get-connector-by-id.md
Connector,Connector catalogue,List Connectors,Read (list),GET,/connectivity/environments/{environmentId}/connectors,2024-10-01,False,,connectivity,connectors,docs/connectivity/connectors/list-connectors.md
Copilot Agent,Agent admin and quarantine,Delete Copilot Agent,Delete,DELETE,/copilotstudio/environments/{EnvironmentId}/bots/{BotId}/api/botAdminOperations,2024-10-01,False,,copilotstudio,bots,docs/copilotstudio/bots/delete-copilot-agent.md
Copilot Agent,Agent admin and quarantine,Download Maker Evaluation Snapshot,Read,GET,/copilotstudio/environments/{EnvironmentId}/bots/{BotId}/api/makerevaluation/testruns/{TestRunId}/snapshot,2024-10-01,False,,copilotstudio,bots,docs/copilotstudio/bots/download-maker-evaluation-snapshot.md
Copilot Agent,Agent admin and quarantine,Get Bot Quarantine Status,Read,GET,/copilotstudio/environments/{EnvironmentId}/bots/{BotId}/api/botQuarantine,2024-10-01,False,,copilotstudio,bots,docs/copilotstudio/bots/get-bot-quarantine-status.md
Copilot Agent,Agent admin and quarantine,Get Connector Consent Bypass,Read,GET,/copilotstudio/environments/{EnvironmentId}/bots/{BotId}/api/connectorConsentBypass,2024-10-01,False,,copilotstudio,bots,docs/copilotstudio/bots/get-connector-consent-bypass.md
Copilot Agent,Agent admin and quarantine,Get Maker Evaluation Test Run,Read,GET,/copilotstudio/environments/{EnvironmentId}/bots/{BotId}/api/makerevaluation/testruns/{TestRunId},2024-10-01,False,,copilotstudio,bots,docs/copilotstudio/bots/get-maker-evaluation-test-run.md
Copilot Agent,Agent admin and quarantine,Get Maker Evaluation Test Set,Read,GET,/copilotstudio/environments/{EnvironmentId}/bots/{BotId}/api/makerevaluation/testsets/{TestSetId},2024-10-01,False,,copilotstudio,bots,docs/copilotstudio/bots/get-maker-evaluation-test-set.md
Copilot Agent,Agent admin and quarantine,List Maker Evaluation Test Runs,Read (list),GET,/copilotstudio/environments/{EnvironmentId}/bots/{BotId}/api/makerevaluation/testruns,2024-10-01,False,,copilotstudio,bots,docs/copilotstudio/bots/list-maker-evaluation-test-runs.md
Copilot Agent,Agent admin and quarantine,List Maker Evaluation Test Sets,Read (list),GET,/copilotstudio/environments/{EnvironmentId}/bots/{BotId}/api/makerevaluation/testsets,2024-10-01,False,,copilotstudio,bots,docs/copilotstudio/bots/list-maker-evaluation-test-sets.md
Copilot Agent,Agent admin and quarantine,Reassign Copilot Agent,Action,POST,/copilotstudio/environments/{EnvironmentId}/bots/{BotId}/api/botAdminOperations/reassign,2024-10-01,False,,copilotstudio,bots,docs/copilotstudio/bots/reassign-copilot-agent.md
Copilot Agent,Agent admin and quarantine,Run Maker Evaluation Test Set,Action,POST,/copilotstudio/environments/{EnvironmentId}/bots/{BotId}/api/makerevaluation/testsets/{TestSetId}/run,2024-10-01,False,,copilotstudio,bots,docs/copilotstudio/bots/run-maker-evaluation-test-set.md
Copilot Agent,Agent admin and quarantine,Set Bot As Quarantined,Action,POST,/copilotstudio/environments/{EnvironmentId}/bots/{BotId}/api/botQuarantine/SetAsQuarantined,2024-10-01,False,,copilotstudio,bots,docs/copilotstudio/bots/set-bot-as-quarantined.md
Copilot Agent,Agent admin and quarantine,Set Bot As Unquarantined,Action,POST,/copilotstudio/environments/{EnvironmentId}/bots/{BotId}/api/botQuarantine/SetAsUnquarantined,2024-10-01,False,,copilotstudio,bots,docs/copilotstudio/bots/set-bot-as-unquarantined.md
Copilot Agent,Agent admin and quarantine,Set Connector Consent Bypass,Update,PUT,/copilotstudio/environments/{EnvironmentId}/bots/{BotId}/api/connectorConsentBypass,2024-10-01,False,,copilotstudio,bots,docs/copilotstudio/bots/set-connector-consent-bypass.md
Copilot Agent,Channels,Download Agent Channel Manifest,Read,GET,/copilotstudio/environments/{EnvironmentId}/agents/{AgentId}/channels/{ChannelName}/download,2024-10-01,False,,copilotstudio,agent-channels,docs/copilotstudio/agent-channels/download-agent-channel-manifest.md
Cross-Tenant Connection Report,Reports,Get Cross Tenant Connection Report,Read,GET,/governance/crossTenantConnectionReports/{reportId},2024-10-01,False,,governance,cross-tenant-connection-reports,docs/governance/cross-tenant-connection-reports/get-cross-tenant-connection-report.md
Cross-Tenant Connection Report,Reports,List Cross Tenant Connection Reports,Read (list),GET,/governance/crossTenantConnectionReports,2024-10-01,False,,governance,cross-tenant-connection-reports,docs/governance/cross-tenant-connection-reports/list-cross-tenant-connection-reports.md
Cross-Tenant Connection Report,Reports,Create Cross Tenant Connection Report,Create,POST,/governance/crossTenantConnectionReports,2024-10-01,False,,governance,cross-tenant-connection-reports,docs/governance/cross-tenant-connection-reports/create-cross-tenant-connection-report.md
Currency Allocation,Allocation,Get Currency Allocation By Environment,Read,GET,/licensing/environments/{environmentId}/allocations,2024-10-01,False,,licensing,currency-allocation,docs/licensing/currency-allocation/get-currency-allocation-by-environment.md
Currency Allocation,Allocation,Patch Currency Allocation By Environment,Update,PATCH,/licensing/environments/{environmentId}/allocations,2024-10-01,False,,licensing,currency-allocation,docs/licensing/currency-allocation/patch-currency-allocation-by-environment.md
Currency Allocation,Reports,List Currency Reports,Read (list),GET,/licensing/tenantCapacity/currencyReports,2024-10-01,False,,licensing,currency-reports,docs/licensing/currency-reports/list-currency-reports.md
Currency Allocation,Temporary entitlement,Retrieve Temporary Currency Entitlement Count,Action,POST,/licensing/TemporaryCurrencyEntitlement/{currencyType}/Count,2024-10-01,False,,licensing,temporary-currency-entitlement,docs/licensing/temporary-currency-entitlement/retrieve-temporary-currency-entitlement-count.md
DSR Compliance Request,DSR workflows,Delete Approval,Delete,DELETE,/workflowsagent/approvals/{approvalId},2024-10-01,False,,workflowsagent,dsr-compliance,docs/workflowsagent/dsr-compliance/delete-approval.md
DSR Compliance Request,DSR workflows,Delete Connection,Delete,DELETE,/workflowsagent/connections/{connectionIdentifier},2024-10-01,False,,workflowsagent,dsr-compliance,docs/workflowsagent/dsr-compliance/delete-connection.md
DSR Compliance Request,DSR workflows,Delete Flow,Delete,DELETE,/workflowsagent/flows/{flowId},2024-10-01,False,,workflowsagent,dsr-compliance,docs/workflowsagent/dsr-compliance/delete-flow.md
DSR Compliance Request,DSR workflows,Delete Prompt,Delete,DELETE,/workflowsagent/prompts/{promptId},2024-10-01,False,,workflowsagent,dsr-compliance,docs/workflowsagent/dsr-compliance/delete-prompt.md
DSR Compliance Request,DSR workflows,Get Approvals,Read,GET,/workflowsagent/approvals,2024-10-01,False,,workflowsagent,dsr-compliance,docs/workflowsagent/dsr-compliance/get-approvals.md
DSR Compliance Request,DSR workflows,Get Connections,Read,GET,/workflowsagent/connections,2024-10-01,False,,workflowsagent,dsr-compliance,docs/workflowsagent/dsr-compliance/get-connections.md
DSR Compliance Request,DSR workflows,Get Conversation Transcripts For Dsr,Read,GET,/workflowsagent/conversationTranscripts,2024-10-01,False,,workflowsagent,dsr-compliance,docs/workflowsagent/dsr-compliance/get-conversation-transcripts-for-dsr.md
DSR Compliance Request,DSR workflows,Get Conversation Transcripts With Environment,Read,GET,/workflowsagent/environments/{environmentId}/conversationTranscripts,2024-10-01,False,,workflowsagent,dsr-compliance,docs/workflowsagent/dsr-compliance/get-conversation-transcripts-with-environment.md
DSR Compliance Request,DSR workflows,Get Flow Run Actions For Dsr,Read,GET,/workflowsagent/aiFlows/{aiFlowId}/runs/{runId}/actions,2024-10-01,False,,workflowsagent,dsr-compliance,docs/workflowsagent/dsr-compliance/get-flow-run-actions-for-dsr.md
DSR Compliance Request,DSR workflows,Get Flow Run Actions With Environment,Read,GET,/workflowsagent/environments/{environmentId}/aiFlows/{aiFlowId}/runs/{runId}/actions,2024-10-01,False,,workflowsagent,dsr-compliance,docs/workflowsagent/dsr-compliance/get-flow-run-actions-with-environment.md
DSR Compliance Request,DSR workflows,Get Flow Runs Non Singleton,Read,GET,/workflowsagent/environments/{environmentId}/flows/{flowId}/flowRuns,2024-10-01,False,,workflowsagent,dsr-compliance,docs/workflowsagent/dsr-compliance/get-flow-runs-non-singleton.md
DSR Compliance Request,DSR workflows,Get Flow Runs Singleton,Read,GET,/workflowsagent/flows/{flowId}/flowRuns,2024-10-01,False,,workflowsagent,dsr-compliance,docs/workflowsagent/dsr-compliance/get-flow-runs-singleton.md
DSR Compliance Request,DSR workflows,Get Flows,Read,GET,/workflowsagent/flows,2024-10-01,False,,workflowsagent,dsr-compliance,docs/workflowsagent/dsr-compliance/get-flows.md
DSR Compliance Request,DSR workflows,Get Prompts,Read,GET,/workflowsagent/prompts,2024-10-01,False,,workflowsagent,dsr-compliance,docs/workflowsagent/dsr-compliance/get-prompts.md
DSR Compliance Request,DSR workflows,Get Run History Data,Read,GET,/workflowsagent/flows/{flowId}/runs/{runId}/runHistoryData,2024-10-01,False,,workflowsagent,dsr-compliance,docs/workflowsagent/dsr-compliance/get-run-history-data.md
DSR Compliance Request,DSR workflows,Get Run History Data Non Singleton,Read,GET,/workflowsagent/environments/{environmentId}/flows/{flowId}/runs/{runId}/runHistoryData,2024-10-01,False,,workflowsagent,dsr-compliance,docs/workflowsagent/dsr-compliance/get-run-history-data-non-singleton.md
Entitlement,Entitlements,Get Entitlement,Read,GET,/licensing/entitlements/{entitlementId},2024-10-01,False,,licensing,entitlement,docs/licensing/entitlement/get-entitlement.md
Entitlement,Entitlements,Get Many Environment Entitlements,Read,GET,/licensing/environments/{environmentId}/entitlements,2024-10-01,False,,licensing,entitlement,docs/licensing/entitlement/get-many-environment-entitlements.md
Entitlement,Insights,Get Environment Resources,Read,GET,/licensing/entitlements/{entitlementId}/environments/{environmentId}/resources,2024-10-01,False,,licensing,entitlement-insight,docs/licensing/entitlement-insight/get-environment-resources.md
Entitlement,Insights,Get Tenant License Trends,Read,GET,/licensing/entitlements/{entitlementId}/licenses,2024-10-01,False,,licensing,entitlement-insight,docs/licensing/entitlement-insight/get-tenant-license-trends.md
Entitlement,Insights,Get Tenant Resource Consumption By User,Read,GET,/licensing/entitlements/{entitlementId}/users/{userId}/resources,2024-10-01,False,,licensing,entitlement-insight,docs/licensing/entitlement-insight/get-tenant-resource-consumption-by-user.md
Entitlement,Insights,Get Tenant Resources Across Environments,Read,GET,/licensing/entitlements/{entitlementId}/resources,2024-10-01,False,,licensing,entitlement-insight,docs/licensing/entitlement-insight/get-tenant-resources-across-environments.md
Entitlement,Insights,Get Tenant User Consumption By Resource,Read,GET,/licensing/entitlements/{entitlementId}/resources/{resourceId}/users,2024-10-01,False,,licensing,entitlement-insight,docs/licensing/entitlement-insight/get-tenant-user-consumption-by-resource.md
Entitlement,Insights,Get Tenant Users,Read,GET,/licensing/entitlements/{entitlementId}/users,2024-10-01,False,,licensing,entitlement-insight,docs/licensing/entitlement-insight/get-tenant-users.md
Environment,Create,Provision New Environment,Create,POST,/environmentmanagement/provisioning/environments,2024-10-01,False,,environmentmanagement,environment-provisioning,docs/environmentmanagement/environment-provisioning/provision-new-environment.md
Environment,Delete,Delete Environment By ID,Delete,DELETE,/environmentmanagement/environments/{environmentId},2024-10-01,False,,environmentmanagement,environment-delete,docs/environmentmanagement/environment-delete/delete-environment-by-id.md
Environment,Disaster recovery configuration,Disable Disaster Recovery,Action,POST,/environmentmanagement/environments/{environmentId}/disableDisasterRecovery,2024-10-01,False,,environmentmanagement,failover,docs/environmentmanagement/failover/disable-disaster-recovery.md
Environment,Disaster recovery configuration,Enable Disaster Recovery,Action,POST,/environmentmanagement/environments/{environmentId}/enableDisasterRecovery,2024-10-01,False,,environmentmanagement,failover,docs/environmentmanagement/failover/enable-disaster-recovery.md
Environment,Link Dataverse,Link Dataverse,Update,PATCH,/environmentmanagement/provisioning/environments/{environmentId}/link,2024-10-01,False,,environmentmanagement,environment-provisioning,docs/environmentmanagement/environment-provisioning/link-dataverse.md
Environment,Managed governance,Disable Managed Environment,Action,POST,/environmentmanagement/environments/{environmentId}/governanceSetting/disableManaged,2024-10-01,False,,environmentmanagement,environment-managed-governance,docs/environmentmanagement/environment-managed-governance/disable-managed-environment.md
Environment,Managed governance,Enable Managed Environment,Action,POST,/environmentmanagement/environments/{environmentId}/governanceSetting/enableManaged,2024-10-01,False,,environmentmanagement,environment-managed-governance,docs/environmentmanagement/environment-managed-governance/enable-managed-environment.md
Environment,Management settings,List Environment Management Settings,Read (list),GET,/environmentmanagement/environments/{environmentId}/settings,2024-10-01,False,,environmentmanagement,environment-management-settings,docs/environmentmanagement/environment-management-settings/list-environment-management-settings.md
Environment,Management settings,Update Environment Management Settings,Update,PATCH,/environmentmanagement/environments/{environmentId}/settings,2024-10-01,False,,environmentmanagement,environment-management-settings,docs/environmentmanagement/environment-management-settings/update-environment-management-settings.md
Environment,Management settings,Create Environment Management Settings,Create,POST,/environmentmanagement/environments/{environmentId}/settings,2024-10-01,False,,environmentmanagement,environment-management-settings,docs/environmentmanagement/environment-management-settings/create-environment-management-settings.md
Environment,Read model,Get Environment By Id For User,Read,GET,/environmentmanagement/environments/{environmentId},2024-10-01,True,,environmentmanagement,environments,docs/environmentmanagement/environments/get-environment-by-id-for-user.md
Environment,Read model,List Environments For User,Read (list),GET,/environmentmanagement/environments,2024-10-01,True,,environmentmanagement,environments,docs/environmentmanagement/environments/list-environments-for-user.md
Environment Group,CRUD and membership,Delete Environment Group,Delete,DELETE,/environmentmanagement/environmentGroups/{groupId},2024-10-01,False,,environmentmanagement,environment-groups,docs/environmentmanagement/environment-groups/delete-environment-group.md
Environment Group,CRUD and membership,Get Environment Group,Read,GET,/environmentmanagement/environmentGroups/{groupId},2024-10-01,False,,environmentmanagement,environment-groups,docs/environmentmanagement/environment-groups/get-environment-group.md
Environment Group,CRUD and membership,Get Environment Group Operation,Read,GET,/environmentmanagement/environmentGroupOperations/{operationId},2024-10-01,False,,environmentmanagement,environment-groups,docs/environmentmanagement/environment-groups/get-environment-group-operation.md
Environment Group,CRUD and membership,List Environment Groups,Read (list),GET,/environmentmanagement/environmentGroups,2024-10-01,False,,environmentmanagement,environment-groups,docs/environmentmanagement/environment-groups/list-environment-groups.md
Environment Group,CRUD and membership,Add Environment To Group,Create,POST,/environmentmanagement/environmentGroups/{groupId}/addEnvironment/{environmentId},2024-10-01,False,,environmentmanagement,environment-groups,docs/environmentmanagement/environment-groups/add-environment-to-group.md
Environment Group,CRUD and membership,Create Environment Group,Create,POST,/environmentmanagement/environmentGroups,2024-10-01,False,,environmentmanagement,environment-groups,docs/environmentmanagement/environment-groups/create-environment-group.md
Environment Group,CRUD and membership,Remove Environment From Group,Action,POST,/environmentmanagement/environmentGroups/{groupId}/removeEnvironment/{environmentId},2024-10-01,False,,environmentmanagement,environment-groups,docs/environmentmanagement/environment-groups/remove-environment-from-group.md
Environment Group,CRUD and membership,Update Environment Group,Update,PUT,/environmentmanagement/environmentGroups/{groupId},2024-10-01,False,,environmentmanagement,environment-groups,docs/environmentmanagement/environment-groups/update-environment-group.md
Environment Operations,Backups,Delete Environment Backup,Delete,DELETE,/environmentmanagement/environments/{environmentId}/backups/{backupId},2024-10-01,False,,environmentmanagement,environment-backup,docs/environmentmanagement/environment-backup/delete-environment-backup.md
Environment Operations,Backups,Get Environment Backups,Read,GET,/environmentmanagement/environments/{environmentId}/backups,2024-10-01,False,,environmentmanagement,environment-backup,docs/environmentmanagement/environment-backup/get-environment-backups.md
Environment Operations,Backups,Create Environment Backup,Create,POST,/environmentmanagement/environments/{environmentId}/backups,2024-10-01,False,,environmentmanagement,environment-backup,docs/environmentmanagement/environment-backup/create-environment-backup.md
Environment Operations,Copy,Get Environment Copy Candidates,Read,GET,/environmentmanagement/environments/{sourceEnvironmentId}/copyCandidates,2024-10-01,False,,environmentmanagement,environment-copy,docs/environmentmanagement/environment-copy/get-environment-copy-candidates.md
Environment Operations,Copy,Copy Environment,Action,POST,/environmentmanagement/environments/{targetEnvironmentId}/copy,2024-10-01,False,,environmentmanagement,environment-copy,docs/environmentmanagement/environment-copy/copy-environment.md
Environment Operations,DR drills and failover,Get Business Continuity State Full Snapshot,Read,GET,/environmentmanagement/environments/{environmentId}/businessContinuityStateFullSnapshot,2024-10-01,False,,environmentmanagement,failover,docs/environmentmanagement/failover/get-business-continuity-state-full-snapshot.md
Environment Operations,DR drills and failover,Perform DR Drill,Action,POST,/environmentmanagement/environments/{environmentId}/disasterRecoveryDrill,2024-10-01,False,,environmentmanagement,failover,docs/environmentmanagement/failover/perform-dr-drill.md
Environment Operations,DR drills and failover,Perform Failback,Action,POST,/environmentmanagement/environments/{environmentId}/failback,2024-10-01,False,,environmentmanagement,failover,docs/environmentmanagement/failover/perform-failback.md
Environment Operations,DR drills and failover,Perform Force Failover,Action,POST,/environmentmanagement/environments/{environmentId}/forceFailover,2024-10-01,False,,environmentmanagement,failover,docs/environmentmanagement/failover/perform-force-failover.md
Environment Operations,Provisioning reference data,Get Provisioning Currencies,Read,GET,/environmentmanagement/provisioning/locations/{location}/currencies,2024-10-01,False,,environmentmanagement,environment-provisioning,docs/environmentmanagement/environment-provisioning/get-provisioning-currencies.md
Environment Operations,Provisioning reference data,Get Provisioning Languages,Read,GET,/environmentmanagement/provisioning/locations/{location}/languages,2024-10-01,False,,environmentmanagement,environment-provisioning,docs/environmentmanagement/environment-provisioning/get-provisioning-languages.md
Environment Operations,Provisioning reference data,Get Provisioning Templates,Read,GET,/environmentmanagement/provisioning/locations/{location}/templates,2024-10-01,False,,environmentmanagement,environment-provisioning,docs/environmentmanagement/environment-provisioning/get-provisioning-templates.md
Environment Operations,Provisioning reference data,Get Supported Locations,Read,GET,/environmentmanagement/provisioning/locations,2024-10-01,False,,environmentmanagement,environment-provisioning,docs/environmentmanagement/environment-provisioning/get-supported-locations.md
Environment Operations,Recover,Recover Environment,Action,POST,/environmentmanagement/environments/{environmentId}/recover,2024-10-01,False,,environmentmanagement,environment-recover,docs/environmentmanagement/environment-recover/recover-environment.md
Environment Operations,Reset,Reset Environment,Action,POST,/environmentmanagement/environments/{environmentId}/reset,2024-10-01,False,,environmentmanagement,environment-reset,docs/environmentmanagement/environment-reset/reset-environment.md
Environment Operations,Restore,Get Restore Candidates,Read,GET,/environmentmanagement/environments/{sourceEnvironmentId}/restoreCandidates,2024-10-01,False,,environmentmanagement,environment-restore,docs/environmentmanagement/environment-restore/get-restore-candidates.md
Environment Operations,Restore,Restore Environment,Action,POST,/environmentmanagement/environments/{targetEnvironmentId}/restore,2024-10-01,False,,environmentmanagement,environment-restore,docs/environmentmanagement/environment-restore/restore-environment.md
F&O Environment,Maintenance settings,Get Fin Ops Maintenance Settings,Read,GET,/dynamics/environments/{environmentId}/finopsadminsettings,2024-10-01,False,,dynamics,finance-and-operations-maintenance-settings,docs/dynamics/finance-and-operations-maintenance-settings/get-fin-ops-maintenance-settings.md
F&O Environment,Maintenance settings,Update Fin Ops Maintenance Settings,Update,PUT,/dynamics/environments/{environmentId}/finopsadminsettings,2024-10-01,False,,dynamics,finance-and-operations-maintenance-settings,docs/dynamics/finance-and-operations-maintenance-settings/update-fin-ops-maintenance-settings.md
F&O Environment,Operation errors,Get Fin Ops Operation Errors,Read,GET,/dynamics/environments/{environmentId}/operationerrors,2024-10-01,False,,dynamics,finance-and-operations-operation-errors,docs/dynamics/finance-and-operations-operation-errors/get-fin-ops-operation-errors.md
F&O Environment,Properties,Get Fin Ops Properties,Read,GET,/dynamics/environments/{environmentId}/finopsproperties,2024-10-01,False,,dynamics,finance-and-operations-properties,docs/dynamics/finance-and-operations-properties/get-fin-ops-properties.md
F&O Environment,Versions,Get Fin Ops Versions,Read,GET,/dynamics/environments/{environmentId}/finopsversions,2024-10-01,False,,dynamics,finance-and-operations-versions,docs/dynamics/finance-and-operations-versions/get-fin-ops-versions.md
F&O Environment,Versions,Apply Fin Ops Version,Action,POST,/dynamics/environments/{environmentId}/finopsversions/{version}/apply,2024-10-01,False,,dynamics,finance-and-operations-versions,docs/dynamics/finance-and-operations-versions/apply-fin-ops-version.md
FinOps Licensing,F&O licensing,Get Fin Ops License Summary V2,Read,GET,/licensing/FinOpsLicensing/GetLicenseSummaryV2,2024-10-01,False,,licensing,fin-ops-licensing,docs/licensing/fin-ops-licensing/get-fin-ops-license-summary-v2.md
ISV Contract,Pay-as-you-go contracts,Delete ISV Contract,Delete,DELETE,/licensing/isvContracts/{isvContractId},2024-10-01,False,,licensing,isv-contract,docs/licensing/isv-contract/delete-isv-contract.md
ISV Contract,Pay-as-you-go contracts,Get ISV Contract,Read,GET,/licensing/isvContracts/{isvContractId},2024-10-01,False,,licensing,isv-contract,docs/licensing/isv-contract/get-isv-contract.md
ISV Contract,Pay-as-you-go contracts,List ISV Contracts,Read (list),GET,/licensing/isvContracts,2024-10-01,False,,licensing,isv-contract,docs/licensing/isv-contract/list-isv-contracts.md
ISV Contract,Pay-as-you-go contracts,Create ISV Contract,Create,POST,/licensing/isvContracts,2024-10-01,False,,licensing,isv-contract,docs/licensing/isv-contract/create-isv-contract.md
ISV Contract,Pay-as-you-go contracts,Update ISV Contract,Update,PUT,/licensing/isvContracts/{isvContractId},2024-10-01,False,,licensing,isv-contract,docs/licensing/isv-contract/update-isv-contract.md
Per-Flow Capacity,Per-user-per-flow capacity,Get User Per Flow Capacity Source,Read,GET,/licensing/UserPerFlowCapacitySource,2024-10-01,False,,licensing,user-per-flow-capacity-source,docs/licensing/user-per-flow-capacity-source/get-user-per-flow-capacity-source.md
Per-Flow Capacity,Per-user-per-flow capacity,Get User Per Flow Capacity Source Flow Context Summary,Read,GET,/licensing/UserPerFlowCapacitySource/FlowContextSummary,2024-10-01,False,,licensing,user-per-flow-capacity-source,docs/licensing/user-per-flow-capacity-source/get-user-per-flow-capacity-source-flow-context-summary.md
Per-Flow Capacity,Per-user-per-flow capacity,Get User Per Flow Capacity Source Flow Context Summary For User Id,Read,GET,/licensing/UserPerFlowCapacitySource/FlowContextSummary/{userId},2024-10-01,False,,licensing,user-per-flow-capacity-source,docs/licensing/user-per-flow-capacity-source/get-user-per-flow-capacity-source-flow-context-summary-for-user-id.md
Per-Flow Capacity,Per-user-per-flow capacity,Get User Per Flow Capacity Source Tenant Context Summary,Read,GET,/licensing/UserPerFlowCapacitySource/TenantContextSummary,2024-10-01,False,,licensing,user-per-flow-capacity-source,docs/licensing/user-per-flow-capacity-source/get-user-per-flow-capacity-source-tenant-context-summary.md
Per-Flow Capacity,Per-user-per-flow capacity,Get User Per Flow Capacity Source User Context Summary,Read,GET,/licensing/UserPerFlowCapacitySource/UserContextSummary,2024-10-01,False,,licensing,user-per-flow-capacity-source,docs/licensing/user-per-flow-capacity-source/get-user-per-flow-capacity-source-user-context-summary.md
Per-Flow Capacity,Per-user-per-flow capacity,Get User Per Flow Capacity Source User Context Summary For User Id,Read,GET,/licensing/UserPerFlowCapacitySource/UserContextSummary/{userId},2024-10-01,False,,licensing,user-per-flow-capacity-source,docs/licensing/user-per-flow-capacity-source/get-user-per-flow-capacity-source-user-context-summary-for-user-id.md
Power Pages Website,"Site admin, security, scanning",Delete Certificate By Portal,Delete,DELETE,/powerpages/environments/{environmentId}/websites/{id}/certificates,2024-10-01,False,,powerpages,websites,docs/powerpages/websites/delete-certificate-by-portal.md
Power Pages Website,"Site admin, security, scanning",Delete Host Name For Portal,Delete,DELETE,/powerpages/environments/{environmentId}/websites/{id}/customDomain,2024-10-01,False,,powerpages,websites,docs/powerpages/websites/delete-host-name-for-portal.md
Power Pages Website,"Site admin, security, scanning",Delete Ssl Binding By Thumbprint,Delete,DELETE,/powerpages/environments/{environmentId}/websites/{id}/sslBindings,2024-10-01,False,,powerpages,websites,docs/powerpages/websites/delete-ssl-binding-by-thumbprint.md
Power Pages Website,"Site admin, security, scanning",Delete Website,Delete,DELETE,/powerpages/environments/{environmentId}/websites/{id},2024-10-01,False,,powerpages,websites,docs/powerpages/websites/delete-website.md
Power Pages Website,"Site admin, security, scanning",Get Allowed Ip Addresses,Read (list),GET,/powerpages/environments/{environmentId}/websites/{id}/ipaddressrules,2024-10-01,False,,powerpages,websites,docs/powerpages/websites/get-allowed-ip-addresses.md
Power Pages Website,"Site admin, security, scanning",Get Certificates By Portal,Read,GET,/powerpages/environments/{environmentId}/websites/{id}/certificates,2024-10-01,False,,powerpages,websites,docs/powerpages/websites/get-certificates-by-portal.md
Power Pages Website,"Site admin, security, scanning",Get Security Scan Report,Read,GET,/powerpages/environments/{environmentId}/websites/{id}/scan/deep/getLatestCompletedReport,2024-10-01,False,,powerpages,websites,docs/powerpages/websites/get-security-scan-report.md
Power Pages Website,"Site admin, security, scanning",Get Security Scan Score,Read,GET,/powerpages/environments/{environmentId}/websites/{id}/scan/deep/getSecurityScore,2024-10-01,False,,powerpages,websites,docs/powerpages/websites/get-security-scan-score.md
Power Pages Website,"Site admin, security, scanning",Get WAF Rules,Read,GET,/powerpages/environments/{environmentId}/websites/{id}/getWafRules,2024-10-01,False,,powerpages,websites,docs/powerpages/websites/get-waf-rules.md
Power Pages Website,"Site admin, security, scanning",Get WAF Status,Read,GET,/powerpages/environments/{environmentId}/websites/{id}/getWafStatus,2024-10-01,False,,powerpages,websites,docs/powerpages/websites/get-waf-status.md
Power Pages Website,"Site admin, security, scanning",Get Website By Id,Read,GET,/powerpages/environments/{environmentId}/websites/{id},2024-10-01,False,,powerpages,websites,docs/powerpages/websites/get-website-by-id.md
Power Pages Website,"Site admin, security, scanning",Get Websites,Read,GET,/powerpages/environments/{environmentId}/websites,2024-10-01,False,,powerpages,websites,docs/powerpages/websites/get-websites.md
Power Pages Website,"Site admin, security, scanning",List Host Names For Portal,Read (list),GET,/powerpages/environments/{environmentId}/websites/{id}/customDomain,2024-10-01,False,,powerpages,websites,docs/powerpages/websites/list-host-names-for-portal.md
Power Pages Website,"Site admin, security, scanning",List Ssl Bindings By Thumbprints,Read (list),GET,/powerpages/environments/{environmentId}/websites/{id}/sslBindings,2024-10-01,False,,powerpages,websites,docs/powerpages/websites/list-ssl-bindings-by-thumbprints.md
Power Pages Website,"Site admin, security, scanning",Set Portal Bootstrap V5 Enabled,Update,PATCH,/powerpages/environments/{environmentId}/websites/{id}/SetPortalBootstrapV5Enabled,2024-10-01,False,,powerpages,websites,docs/powerpages/websites/set-portal-bootstrap-v5-enabled.md
Power Pages Website,"Site admin, security, scanning",Add Allowed Ip Addresses,Create,POST,/powerpages/environments/{environmentId}/websites/{id}/ipaddressrules,2024-10-01,False,,powerpages,websites,docs/powerpages/websites/add-allowed-ip-addresses.md
Power Pages Website,"Site admin, security, scanning",Add Ssl Binding By Portal,Create,POST,/powerpages/environments/{environmentId}/websites/{id}/sslBindings,2024-10-01,False,,powerpages,websites,docs/powerpages/websites/add-ssl-binding-by-portal.md
Power Pages Website,"Site admin, security, scanning",Convert Trial To Production,Action,POST,/powerpages/environments/{environmentId}/websites/{id}/convertToProduction,2024-10-01,False,,powerpages,websites,docs/powerpages/websites/convert-trial-to-production.md
Power Pages Website,"Site admin, security, scanning",Create Custom Domain,Create,POST,/powerpages/environments/{environmentId}/websites/{id}/customDomain,2024-10-01,False,,powerpages,websites,docs/powerpages/websites/create-custom-domain.md
Power Pages Website,"Site admin, security, scanning",Create Website,Create,POST,/powerpages/environments/{environmentId}/websites,2024-10-01,False,,powerpages,websites,docs/powerpages/websites/create-website.md
Power Pages Website,"Site admin, security, scanning",Disable Waf,Action,POST,/powerpages/environments/{environmentId}/websites/{id}/disableWaf,2024-10-01,False,,powerpages,websites,docs/powerpages/websites/disable-waf.md
Power Pages Website,"Site admin, security, scanning",Enable WAF,Action,POST,/powerpages/environments/{environmentId}/websites/{id}/enableWaf,2024-10-01,False,,powerpages,websites,docs/powerpages/websites/enable-waf.md
Power Pages Website,"Site admin, security, scanning",Remove Allowed Ip Addresses,Action,POST,/powerpages/environments/{environmentId}/websites/{id}/removeAllowedIpAddresses,2024-10-01,False,,powerpages,websites,docs/powerpages/websites/remove-allowed-ip-addresses.md
Power Pages Website,"Site admin, security, scanning",Restart Website,Action,POST,/powerpages/environments/{environmentId}/websites/{id}/restart,2024-10-01,False,,powerpages,websites,docs/powerpages/websites/restart-website.md
Power Pages Website,"Site admin, security, scanning",Set Portal Data Model Version,Action,POST,/powerpages/environments/{environmentId}/websites/{id}/setPortalDataModelVersion,2024-10-01,False,,powerpages,websites,docs/powerpages/websites/set-portal-data-model-version.md
Power Pages Website,"Site admin, security, scanning",Start Deep Scan,Action,POST,/powerpages/environments/{environmentId}/websites/{id}/scan/deep/start,2024-10-01,False,,powerpages,websites,docs/powerpages/websites/start-deep-scan.md
Power Pages Website,"Site admin, security, scanning",Start Quick Scan,Action,POST,/powerpages/environments/{environmentId}/websites/{id}/scan/quick/execute,2024-10-01,False,,powerpages,websites,docs/powerpages/websites/start-quick-scan.md
Power Pages Website,"Site admin, security, scanning",Start Website,Action,POST,/powerpages/environments/{environmentId}/websites/{id}/start,2024-10-01,False,,powerpages,websites,docs/powerpages/websites/start-website.md
Power Pages Website,"Site admin, security, scanning",Stop Website,Action,POST,/powerpages/environments/{environmentId}/websites/{id}/stop,2024-10-01,False,,powerpages,websites,docs/powerpages/websites/stop-website.md
Power Pages Website,"Site admin, security, scanning",Toggle AFD Traffic Routing,Action,POST,/powerpages/environments/{environmentId}/websites/{id}/toggleAFDTrafficRouting,2024-10-01,False,,powerpages,websites,docs/powerpages/websites/toggle-afd-traffic-routing.md
Power Pages Website,"Site admin, security, scanning",Update Portal Security Group,Action,POST,/powerpages/environments/{environmentId}/websites/{id}/updatePortalSecurityGroup,2024-10-01,False,,powerpages,websites,docs/powerpages/websites/update-portal-security-group.md
Power Pages Website,"Site admin, security, scanning",Update Site Visibility,Action,POST,/powerpages/environments/{environmentId}/websites/{id}/updateSiteVisibility,2024-10-01,False,,powerpages,websites,docs/powerpages/websites/update-site-visibility.md
Power Pages Website,"Site admin, security, scanning",Upload Certificate,Action,POST,/powerpages/environments/{environmentId}/websites/{id}/certificates,2024-10-01,False,,powerpages,websites,docs/powerpages/websites/upload-certificate.md
Power Pages Website,"Site admin, security, scanning",Create Waf Rules,Update,PUT,/powerpages/environments/{environmentId}/websites/{id}/createWafRules,2024-10-01,False,,powerpages,websites,docs/powerpages/websites/create-waf-rules.md
Power Pages Website,"Site admin, security, scanning",Delete Waf Custom Rules,Update,PUT,/powerpages/environments/{environmentId}/websites/{id}/deleteWafCustomRules,2024-10-01,False,,powerpages,websites,docs/powerpages/websites/delete-waf-custom-rules.md
Power Pages Website,"Site admin, security, scanning",Update Waf Policy Settings,Update,PUT,/powerpages/environments/{environmentId}/websites/{id}/updateWafPolicySettings,2024-10-01,False,,powerpages,websites,docs/powerpages/websites/update-waf-policy-settings.md
Resource Query,Cross-resource query,Query Resources,Action,POST,/resourcequery/resources/query,2024-10-01,False,,resourcequery,resource-query,docs/resourcequery/resource-query/query-resources.md
Role Based Access Control,"Assignments and definitions; tenant, environment group and environment scopes",Delete Environment Group Role Assignment,Delete,DELETE,/authorization/environmentGroups/{environmentGroupId}/roleAssignments/{roleAssignmentId},2024-10-01,False,,authorization,role-based-access-control,docs/authorization/role-based-access-control/delete-environment-group-role-assignment.md
Role Based Access Control,"Assignments and definitions; tenant, environment group and environment scopes",Delete Environment Role Assignment,Delete,DELETE,/authorization/environments/{environmentId}/roleAssignments/{roleAssignmentId},2024-10-01,False,,authorization,role-based-access-control,docs/authorization/role-based-access-control/delete-environment-role-assignment.md
Role Based Access Control,"Assignments and definitions; tenant, environment group and environment scopes",Delete Role Assignment,Delete,DELETE,/authorization/roleAssignments/{roleAssignmentId},2024-10-01,False,,authorization,role-based-access-control,docs/authorization/role-based-access-control/delete-role-assignment.md
Role Based Access Control,"Assignments and definitions; tenant, environment group and environment scopes",List Environment Group Role Assignments,Read (list),GET,/authorization/environmentGroups/{environmentGroupId}/roleAssignments,2024-10-01,False,,authorization,role-based-access-control,docs/authorization/role-based-access-control/list-environment-group-role-assignments.md
Role Based Access Control,"Assignments and definitions; tenant, environment group and environment scopes",List Environment Role Assignments,Read (list),GET,/authorization/environments/{environmentId}/roleAssignments,2024-10-01,False,,authorization,role-based-access-control,docs/authorization/role-based-access-control/list-environment-role-assignments.md
Role Based Access Control,"Assignments and definitions; tenant, environment group and environment scopes",List Role Assignments,Read (list),GET,/authorization/roleAssignments,2024-10-01,False,,authorization,role-based-access-control,docs/authorization/role-based-access-control/list-role-assignments.md
Role Based Access Control,"Assignments and definitions; tenant, environment group and environment scopes",List Role Definitions,Read (list),GET,/authorization/roleDefinitions,2024-10-01,False,,authorization,role-based-access-control,docs/authorization/role-based-access-control/list-role-definitions.md
Role Based Access Control,"Assignments and definitions; tenant, environment group and environment scopes",Create Environment Group Role Assignment,Create,POST,/authorization/environmentGroups/{environmentGroupId}/roleAssignments,2024-10-01,False,,authorization,role-based-access-control,docs/authorization/role-based-access-control/create-environment-group-role-assignment.md
Role Based Access Control,"Assignments and definitions; tenant, environment group and environment scopes",Create Environment Role Assignment,Create,POST,/authorization/environments/{environmentId}/roleAssignments,2024-10-01,False,,authorization,role-based-access-control,docs/authorization/role-based-access-control/create-environment-role-assignment.md
Role Based Access Control,"Assignments and definitions; tenant, environment group and environment scopes",Create Role Assignment,Create,POST,/authorization/roleAssignments,2024-10-01,False,,authorization,role-based-access-control,docs/authorization/role-based-access-control/create-role-assignment.md
Rule Set,Group rule sets,Delete Rule Set,Delete,DELETE,/governance/ruleSets/{ruleSetId},2024-10-01,False,,governance,rule-sets,docs/governance/rule-sets/delete-rule-set.md
Rule Set,Group rule sets,Get Rule Set,Read,GET,/governance/environmentGroups/{groupId}/ruleSets,2024-10-01,False,,governance,rule-sets,docs/governance/rule-sets/get-rule-set.md
Rule Set,Group rule sets,Get Rule Set List For Tenant,Read,GET,/governance/ruleSets,2024-10-01,False,,governance,rule-sets,docs/governance/rule-sets/get-rule-set-list-for-tenant.md
Rule Set,Group rule sets,Create Rule Set,Create,POST,/governance/environmentGroups/{groupId}/ruleSets,2024-10-01,False,,governance,rule-sets,docs/governance/rule-sets/create-rule-set.md
Rule Set,Group rule sets,Update Rule Set,Update,PUT,/governance/ruleSets/{ruleSetId},2024-10-01,False,,governance,rule-sets,docs/governance/rule-sets/update-rule-set.md
Rule-Based Policy,Policy and assignments,Get Rule Based Policy By ID,Read,GET,/governance/ruleBasedPolicies/{policyId},2024-10-01,False,,governance,rule-based-policies,docs/governance/rule-based-policies/get-rule-based-policy-by-id.md
Rule-Based Policy,Policy and assignments,List Rule Assignments,Read (list),GET,/governance/ruleBasedPolicies/assignments,2024-10-01,False,,governance,rule-based-policies,docs/governance/rule-based-policies/list-rule-assignments.md
Rule-Based Policy,Policy and assignments,List Rule Assignments By Environment Group Id,Read (list),GET,/governance/ruleBasedPolicies/environmentGroups/{environmentGroupId}/assignments,2024-10-01,False,,governance,rule-based-policies,docs/governance/rule-based-policies/list-rule-assignments-by-environment-group-id.md
Rule-Based Policy,Policy and assignments,List Rule Assignments By Environment Id,Read (list),GET,/governance/ruleBasedPolicies/environments/{environmentId}/assignments,2024-10-01,False,,governance,rule-based-policies,docs/governance/rule-based-policies/list-rule-assignments-by-environment-id.md
Rule-Based Policy,Policy and assignments,List Rule Assignments By Policy Id,Read (list),GET,/governance/ruleBasedPolicies/{policyId}/assignments,2024-10-01,False,,governance,rule-based-policies,docs/governance/rule-based-policies/list-rule-assignments-by-policy-id.md
Rule-Based Policy,Policy and assignments,List Rule Based Policies,Read (list),GET,/governance/ruleBasedPolicies,2024-10-01,False,,governance,rule-based-policies,docs/governance/rule-based-policies/list-rule-based-policies.md
Rule-Based Policy,Policy and assignments,Patch Rule Based Policy,Update,PATCH,/governance/ruleBasedPolicies/{policyId},2024-10-01,False,,governance,rule-based-policies,docs/governance/rule-based-policies/patch-rule-based-policy.md
Rule-Based Policy,Policy and assignments,Remove Rule From Rule Based Policy,Update,PATCH,/governance/ruleBasedPolicies/{policyId}/removeRule,2024-10-01,False,,governance,rule-based-policies,docs/governance/rule-based-policies/remove-rule-from-rule-based-policy.md
Rule-Based Policy,Policy and assignments,Create Enviornment Group Rule Based Assignment,Create,POST,/governance/ruleBasedPolicies/{policyId}/environmentGroups/{groupId}/assignments,2024-10-01,False,,governance,rule-based-policies,docs/governance/rule-based-policies/create-enviornment-group-rule-based-assignment.md
Rule-Based Policy,Policy and assignments,Create Environment Rule Based Assignment,Create,POST,/governance/ruleBasedPolicies/{policyId}/environments/{environmentId}/assignments,2024-10-01,False,,governance,rule-based-policies,docs/governance/rule-based-policies/create-environment-rule-based-assignment.md
Rule-Based Policy,Policy and assignments,Create Rule Based Policy,Create,POST,/governance/ruleBasedPolicies,2024-10-01,False,,governance,rule-based-policies,docs/governance/rule-based-policies/create-rule-based-policy.md
Rule-Based Policy,Policy and assignments,Update Rule Based Policy By ID,Update,PUT,/governance/ruleBasedPolicies/{policyId},2024-10-01,False,,governance,rule-based-policies,docs/governance/rule-based-policies/update-rule-based-policy-by-id.md
Tenant Capacity,Capacity,Get Tenant Capacity Details,Read,GET,/licensing/tenantCapacity,2024-10-01,False,,licensing,tenant-capacity-details,docs/licensing/tenant-capacity-details/get-tenant-capacity-details.md
Tenant Capacity,Storage warnings,Get Storage Warning By Category,Read,GET,/licensing/storageWarning/{storageCategory},2024-10-01,False,,licensing,storage-warnings,docs/licensing/storage-warnings/get-storage-warning-by-category.md
Tenant Capacity,Storage warnings,Get Storage Warning By Category And Entity,Read,GET,/licensing/storageWarning/{storageCategory}/{entityName},2024-10-01,False,,licensing,storage-warnings,docs/licensing/storage-warnings/get-storage-warning-by-category-and-entity.md
Tenant Capacity,Storage warnings,List Storage Warnings,Read (list),GET,/licensing/storageWarning/getAllStorageWarnings,2024-10-01,False,,licensing,storage-warnings,docs/licensing/storage-warnings/list-storage-warnings.md
Tenant Capacity,Thresholds,Get All Resource Thresholds,Read (list),GET,/licensing/entitlements/{entitlementId}/resourceThresholds,2024-10-01,False,,licensing,resource-threshold,docs/licensing/resource-threshold/get-all-resource-thresholds.md
Tenant Capacity,Thresholds,Upsert Resource Threshold,Update,PUT,/licensing/environments/{environmentId}/entitlements/{entitlementId}/resources/{resourceId}/threshold,2024-10-01,False,,licensing,resource-threshold,docs/licensing/resource-threshold/upsert-resource-threshold.md
User,Admin user operations,Apply Admin Role,Action,POST,/usermanagement/environments/{environmentId}/user/applyAdminRole,2024-10-01,False,,usermanagement,users,docs/usermanagement/users/apply-admin-role.md
